"","X1","X2","X3","X4","X5","X6","X7","X8","X9","X10","X11","X12","X13","X14","X15","X16","X17","X18","X19","X20","X21","X22","X23","X24","X25","X26","X27","X28","X29","X30","X31","X32","X33","X34","X35","X36","X37","X38","X39","X40","X41","X42","X43","X44","X45","X46","X47","X48","X49","X50","count","cluster"
"1","mod","2","proxy","apache","error","file","1","patch","cache","4","http","support","log","add","request","ssl","apr","doesn","0","fails","ldap","content","server","task","rewrite","work","set","files","org","ajp","client","httpd","3","balancer","fcgid","status","ant","dbd","java","xml","header","message","config","auth","log4j","failed","6","response","memory","requests",99,1
"2","build","poi","5","configure","version","tomcat","8","missing","unable","7","util","9","upgrade","exception","openssl","create","record","properties","compile","command","windows","20","attribute","mem","read","page","disk","16","excel","10","class","output","fop","test","open","jar","lang","crashes","property","url","os","socket","pdf","option","document","messages","default","thread","provide","target",95,2
"3","text","table","type","adding","multiple","format","sql","check","wrong","method","system","zip","xlsx","directory","created","change","access","path","incorrect","15","size","18","junit","tasks","include","image","feature","ftp","variable","code","copy","results","line","remove","configuration","mutex","dir","css","doc","compiled","59","delete","write","block","writing","nested","local","corrupt","elements","tree",100,3
"4","encoding","implementation","correctly","xls","list","fix","number","parsing","opening","ability","found","temporary","rename","cell","auto","cells","link","logs","fonts","problem","large","timeout","date","reference","start","workbook","rolling","rtf","run","opened","afp","optional","renderer","chart","htaccess","force","lock","fo","row","border","pool","empty","layout","improvement","tag","sampler","mode","lenya","methods","ipv6",85,4
"5","internal","500","remote","child","reading","state","ap","make","process","syntax","script","denied","load","result","fatal","return","worker","running","failure","improve","closed","reverse","function","unusable","cluster","event","existing","connection","returns","null","exec","module","appender","20014","scoreboard","id","specific","service","properly","logging","returned","namespace","workers","report","html","console","exit","session","outofmemory","jmeter",109,5
"6","scp","tar","xslt","parameter","element","javadoc","input","enhancement","included","javac","environment","parallel","import","false","true","pvcs","quiet","find","attributes","catalog","preserve","options","sshexec","fork","fileset","data","sync","classpath","mail","weblogic","directories","mysql","forked","added","permissions","enhance","called","replace","svg","resource","project","container","key","slow","flag","clearcase","apt","accept","resultproperty","verify",88,6
"7","uri","hash","building","srclib","hssf","opt","due","pgsql","iconv","parse","cross","transaction","compiling","stat","inside","buffer","call","max","snprintf","tcnative","dll","threads","rebind","detect","put","potentially","append","broken","implement","creation","fail","symlinks","library","openldap","supported","rcvbuf","sndbuf","deadlock","incorrectly","memcache","links","definitions","underquoted","tls","uninitialized","maven","pollset","errors","proc","connector",85,7
"8","ip","source","mpm","ss","8859","utf","31","arrayindexoutofboundsexception","release","services","violation","iso","byte","signal","root","exited","show","working","saxparseexception","breaks","web","string","valid","segmentation","solaris","restarting","range","php","14","jdk","address","catalina","fault","segfault","headers","cvc","06","03","24","xalan","openxml4j","openxml4jruntimeexception","instance","index","exceptions","reports","core","startup","tools","control",86,8
"9","time","handle","certificate","fixed","protocol","characters","authentication","parent","parameters","based","api","usage","gui","view","quote","body","connect","enable","aborts","dynamic","demand","ocsp","safe","prepare","folder","changelog","svn","form","sha","order","malformed","sctp","batik","spawned","execute","issue","expected","hangs","nice","special","statements","classes","apply","possibility","sasl","locale","unix","formulas","formatting","menu",104,9
"10","jdbc","crash","sheet","bytes","jni","recordformatexception","continue","shutdown","nullpointerexception","sax","schema","formula","win32","12","types","runtimeexception","noclassdeffounderror","host","column","inlinestackinglayoutmanager","home","blocked","ot","qnap","io","loading","webdav","randomly","values","usermodel","followining","tabidrecord","unhandled","inline","throws","category","parser","sheetutil","awt","datasource","30","complex","0xe965","libtcnative","sendbb","0x75","centos","application","xerces","standard",94,10
"11","ab","custom","info","jndi","tests","fips","references","full","engine","gzip","match","stapling","global","spaces","checksum","don","space","mime","db","logger","post","long","jk","arg","rule","autoindex","iis","symlink","anymore","extensions","conditional","websocket","jjtree","office","soap","larger","bind","back","propfind","features","sample","microsoft","entry","errorlog","400","account","chunked","forwarded","ms","selected",95,11
"12","forward","authnz","backend","directive","authn","rewriterule","send","dav","balancermember","align","fcgi","handler","digest","manager","scheme","apachebench","location","wrap","https","processing","fields","conf","proxyremote","pre","dns","generate","animation","end","recorder","enabled","100","matches","length","level","user","position","database","expect","give","authz","chinese","chars","socache","settings","causing","fallbackresource","caching","save","break","serveralias",92,12
"13","filter","expired","connections","configured","modified","negotiation","documentation","piped","fin","leak","context","cached","setup","cgi","pages","rfc","close","rotatelogs","object","uds","responses","entries","directives","point","semicolon","generating","domain","xxxx","update","filesystem","wait","docx","bit","separated","images","processes","expression","move","directorymatch","swap","retrieve","deflate","implies","makes","urls","checks","icon","assume","transparency","subst",76,13
"14","validation","external","bin","install","generated","redirect","node","bat","case","slide","variables","style","launch","javax","program","character","ttf","located","bad","cert","font","extra","oracle","crl","resolve","render","undefined","callback","2003","word","invoking","saving","resources","multi","webdavresource","allocate","objects","entities","turn","bootstrap","exists","pass","controller","init","loaded","filename","factoryfinder","comments","war","simple",98,14
"15","invalid","dn","sends","cookie","bio","stale","required","rendering","meta","chroot","unreadable","ignore","304","tables","performance","publication","certificates","requires","produces","entity","virtual","mirror","embedded","height","charset","expires","base","search","served","additional","def","serve","cn","shows","setting","ctx","rollover","panel","isapi","relative","bug","display","appended","saved","port","age","condition","redirection","webapp","sending",96,15
"16","servername","restart","ipv4","logged","attachment","description","pom","pipe","signature","txt","hosts","graceful","delay","respond","hostname","handshake","component","documentbuilderfactory","encoded","comment","enabling","transform","commit","silently","coyote","parsers","pattern","driver","workflow","double","versions","random","xmllayout","linux","xsl","2012","hyper","part","count","vhost","encountered","fulfilling","illegalargu","prevented","listening","listen","chainsaw","x509","failures","starting",82,16
"17","illegalstateexception","calling","hyperlink","applications","compiler","sqlfeaturenotsupportedexception","illegalargumentexception","stack","synchronization","passed","relation","insert","sysproperty","map","columns","jm","jvmargs","drop","standardrdbmsadapter","375","getchangedknuthelements","layoutmgr","missed","blank","permission","takes","ioexception","removing","security","validators","eventqueue","preferences","udpreceiver","indexoutofboundsexception","exist","grammar","commands","executing","23","didn","stringindexoutofboundsexception","breaking","dataformatter","behavior","docs","antcall","callappenders","arguments","a2","rid2",84,17
"18","rollingfileappender","junitreport","patches","picture","libraries","creating","sun","package","dailyrollingfileappender","levels","intermediate","jtl","taskdef","warning","generation","sockets","en","dates","ssi","sxssf","libtool","field","site","tempfile","graphical","sh","recognize","locked","javacmd","ca","extracting","uploading","notes","apache2","statement","ext","locks","404","extension","current","updating","wmf","download","deletes","color","sort","testxlate","rolled","private","corrupted",96,18
"19","args","partial","extracted","users","rendered","width","fit","jasper","native","ends","multiviews","targets","rows","backslash","msg","builds","calls","changing","manifest","servers","consistent","matched","hard","store","eclipse","rhino","caches","qs","thrown","transfer","equiv","cowboy","erlang","handling","clearclasspath","noclasspath","scope","unexpected","clean","region","installation","erase","prompt","strategy","subant","vary","performed","classloading","fetched","serves",100,19
"20","side","couldn","stops","rsa","renegotiation","origin","leaves","ignores","keyusage","purpose","clarify","jvm","assertion","alive","csv","net","pvs","authenticating","sslusername","studio","action","insted","software","expose","listener","emailaddress","won","symbol","lines","tcp","stop","editor","intermittently","stalls","email","sni","listing","reporting","lookup","optionally","forms","login","general","65","nodes","remoteip","inconsistent","trailing","solution","lost",98,20
"21","upload","creates","duplicate","executed","stylesheet","64","mac","separate","parsed","sign","corruption","cookies","warn","datatype","xerces1","displayed","names","depending","symbolic","npe","receiving","scriptdef","static","x64","possibly","signed","unzip","servletcontext","getjspconfigdescriptor","substitution","certs","validly","ignorablewhitespace","lib","paramter","merged","place","rpm","front","dbm","firing","xmlsocketreceiver","signjar","differs","blocks","pound","jmx","illegal","validating","debug",100,21
"22","scripts","authoritative","main","responds","talk","group","scache","related","authenticator","exportcertdata","stdenvvars","coredump","fastcgi","works","fifo","honor","removed","jboss","dom","chain","fill","complete","loses","disables","maxage","dependency","negotiated","dependencies","200","strings","sslverifyclient","easily","writes","resolution","future","compare","linked","inheritall","propagates","clause","rfc2616","stores","notify","passes","apr1","11","platform","potential","1c","cleared",87,22
"23","segfaults","outofmemoryerror","bogus","changed","capability","top","background","environments","includes","extract","correlation","forensics","pointer","issues","appends","limit","password","timebasedrollingpolicy","binding","streamable","export","aix","spawn","downloads","convienience","proxypassreversecookiedomain","buildfile","ad","unique","compressed","rotation","groups","outlook","events","slash","versioning","collection","8j","ooxml","larg","moved","backup","pid","split","overflow","interface","uploaded","pkg","expiry","tld",95,23
"24","master","query","basic","handled","citation","a1","expansion","footer","documentroot","functions","defined","ipd","referenced","margin","outer","points","palette","sticky","doesnt","styles","rfe","spanned","recent","interrupted","paths","theme","tspan","graphic","written","rasterizer","dot","alignment","adjoining","propertyconfigurator","terminated","cellutil","sequence","unavailable","leading","proxypassreversecookiepath","items","rules","browser","cleans","setfont","fileserver","markers","problems","stored","3221225477",83,24
"25","information","shared","plan","odd","overlaps","failing","high","conversion","borders","contents","distributed","htcacheclean","apachectl","area","model","cpu","errordocument","constant","paragraph","needed","generates","cases","big","displaying","xhtml","behaviour","throughput","hyphenation","summary","wrapper","crashing","translate","box","networkaddress","span","undesired","reached","balancing","manual","fly","binary","mm","freebsd","ttl","miss","doubly","textbox","sampleresult","pub","aged",99,25
"26","virtualhost","80","increase","testing","left","suppress","misformed","el","suddenly","95","shiftrows","namespaces","luajit","regions","comparing","news","busy","safari","losing","setfeature","dosen","strict","authorization","deny","chosen","handlers","advertisement","npn","requested","29","sequences","compute","previous","reported","define","clonenode","lrucache","setsize","keepalive","renew","axis","newinstance","mismatch","spec","www","disable","listed","m2","503","winnt",82,26
"27","prevent","newly","exe","dump","var","trailers","evaluation","modes","stripping","ongoing","mock","beanshell","drops","sessions","directoryindex","isn","dumps","modifier","h2","compliant","immediately","atomic","deleting","built","proxyhtmlmeta","xmlns","reload","language","updated","retry","entire","assertions","doubled","redmine","interpreted","aborted","xmlschema","defunct","shouldn","normalization","segments","killed","nph","typo","conflict","investigate","7239","stream","prepared","configurable",81,27
"28","suexec","flow","prefix","htpasswd","marker","percent","fontcache","manageable","footnotes","remainder","perl","matching","race","utf8","customlog","active","title","numbre","unwarranted","citations","unresolved","decision","char","garbage","alignments","prevents","blanks","proxypass","total","showing","buzzed","soft","buliding","geeting","gz","similar","spanning","interfered","jkoptions","nio2","sls","32","dd","yyyy","void","semaphore","refresh","initialization","nightly","lua",97,28
"29","clear","20080718","beta1","checked","17","times","adobe","samples","255","replaced","ascii","0xa","47","ntdll","zwgetcontextthread","components","simultaneously","clients","understand","completely","safety","sysconfdir","schemas","leads","escaped","internet","translation","sendcl","fopfactory","07","negative","hssfclientanchor","jasperreports","setanchortype","gnuplot","asynchronous","nonexistent","rewritemap","collision","src","workbench","ws","pptx","comply","cssparser","behave","13","rc1","witch","initialisation",79,29
"30","href","fallback","foo","getcolumnstyle","poll","checking","perform","eps","doctype","small","traffic","dataset","ldaps","identityhashcode","sharing","frames","horizontal","makefile","logresolve","primary","machine","bundled","pcre","consists","param","regexp","dbdpreparesql","respecting","xssfsheet","loop","sdk","filters","resolving","macos","tranparent","extremely","longer","connects","propertyset","styledir","surrogate","rdbms","normal","painted","fully","rng","ac","56981","pdfdocumentgraphics2d","i18n",94,30
"31","pcl","single","formatcellvalue","printer","dtd","japanese","numbers","extras","aware","convert","corrupts","2007","rotated","beta","runtime","referencing","partially","throw","httpclient","require","visible","nullpointer","wmfpainter","misalignment","repository","migration","numeric","pretty","face","hc4","screws","bold","print","credentials","decoration","serialized","sizes","sufficient","clipped","floating","offsets","j2ee","examples","autosize","suffix","colors","forced","hack","clipping","blue",102,31
"32","credential","enotimpl","ldapreferrals","iplanet","novell","wldap32","libs","ldaptimeout","smarter","refhoplimit","aren","implemented","nmake","fullname","samba4","comma","username","trunk","factory","upgrading","helper","aprutil","denies","slashes","ldapsdk","usable","usernames","supplied","present","373","prepend","secure","persisted","terminates","params","asynch","tivoli","msvcrt","clarification","seg","online","supplier","requesting","authenticate","uids","universal","applies","naming","jndirealm","older",96,32
"33","hang","notice","final","impersonate","workgroup","qualified","exiting","stderr","cmd","resolves","free","consumption","healthcheck","gnamed2id","uname2id","consumes","remaining","inclusion","relating","rpmbuild","bounds","calculations","usr","absolute","adddescription","looping","unresponsive","3221226356","chrootdir","maxrequestsperchild","mask","unclear","encode","authoring","detached","responding","javascript","sucks","stopping","reset","vista","restarts","unistd","clearreferencesthreads","loops","bounding","attached","decode","stuck","prefixed",94,33
"34","skipped","slave","truncated","unk","machines","haltonfailure","haltonerror","cc","suppression","verbose","unit","metrics","tool","suite","gvt","gen","performances","greek","xformed","m4","huge","bugs","win64","patterns","forbidden","authtype","htmlparsers","mingw","stdout","mixed","legible","classcastexception","chunks","indexing","jumbo","unification","appears","returning","ppt","red","reduce","strange","tags","pumpstreamhandler","redo","undo","step","gnu","network","jkstripsession",66,34
"35","outputdebugstring","caused","addition","argument","compatible","spurious","merge","formatter","filtering","flush","minor","label","extractor","regression","truncating","cdata","assumed","protection","instructions","reporter","including","authldapurl","arbitrarily","hashing","storing","accessible","eintr","live","app","oom","tabs","grouping","removal","reduced","uploads","jms","uncompressed","avoid","trivial","modification","fingerprint","sendfilev","diskstorage","channels","notification","runs","fixes","guis","gradients","dist",95,35
"36","barfs","descriptor","putting","csstoxlsfo","wordtohtmlconverter","sorting","bullets","applied","separation","declaration","truncates","vertical","smtpappender","omit","percentage","evaluated","mark","baseline","starts","expecting","frame","jdk7","actual","carries","enhancements","shift","hwpf","disturbs","rl","1st","verifyerror","png","equals","design","blockcontainer","layoutexception","statistical","black","svggraphics2d","artificially","stacking","explorer","readability","track","iterators","sitemap","interrupt","num","prepatch","pivot",104,36
"37","sections","bookmarks","foreach","directoryindexgenerator","indexoptions","resolver","assumption","etag","magic","win","decoded","sets","newline","b1","c1","builtin","interleave","anchor","brown","getrgbwithtint","tints","xssfcolor","escaping","col2","getpreferredsize","imageutils","row2","setpreferredsize","xssfpicture","getfillforegroundcolorcolor","hmef","getcellstyle","hssfcell","terminator","chunking","reponse","osgi","leaders","route","loader","ctproperties","extendedproperties","officedocument","openxmlformats","x2006","amount","synthetic","mtime","jumping","overlap",103,37
"38","priority","reconfigurable","refreshing","classloader","installing","sources","asyncappender","simplify","follow","rollingdescription","detected","push","webappclassloaderbase","execution","cond","configurationclass","configuratorclass","mentions","faq","customizations","writting","receivers","leaks","syslogappender","pools","threshold","mutexes","dies","edit","head","conflicts","forever","commons","triangle","scroll","trace","mulit","invoked","jetty","passing","procmgr","proctable","timing","rewrites","cleanup","implements","webappclassloader","unwanted","maintained","folders",93,38
"39","modules","buildconf","artifacts","executable","sed","installer","binaries","setbasedir","branch","warnings","includeoptional","inexistent","apu","shutting","rfc6265","userdir","forest","sparc","compliance","serialization","getenv","glob","section","hup","switch","intermittent","47786","getdefaultcachefile","userhome","pidfile","locationmatch","letters","renamed","temp","ux","eventually","hp","atomics","woapplication","woproject","foward","wrapped","xp","realm","dupnames","enterprise","hat","reader","nix","ecj",84,39
"40","logformat","tid","lack","visual","makeurl","correct","fat","hook","removes","workspace","locking","selection","impossible","umlaut","arch","doxygen","wouldn","hexadecimal","leftoverdataexception","array","limited","dommouseevent","macs","completed","writer","dos","http2","antunit","buildcheck","ref","3986","ipvfuture","sbindir","rwlock","handles","javac1","radius","rate","successful","chmod","pairs","proxypreservehost","displays","elapsed","expects","ramp","delivering","jspc","disaster","underline",89,40
"41","whitespace","strongly","automatic","kerning","deletecontents","enclosing","underlines","hslf","children","xslf","xmlfragment","justify","contribute","xpath","proper","sans","serif","zapfdingbats","czech","elision","controls","shape","mbox","textlength","upsets","aliasing","anti","escape","addresses","coming","base64","associate","explicitly","scrambled","powerpoint","overprint","bitmap","glitch","visio","cut","pclrenderer","grafic","smartart","uppercase","richtext","outofmemeoryerror","privileged","altering","characterrun","desc",85,41
"42","shown","dashboard","datavalidation","automatically","getcontentasdom","autoversioned","renders","woff","proxyerroroverride","procedure","constantthroughputtimer","ed","drawimage","unwrap","libapr","incremental","gradient","implementations","ly","preamples","readerinputstream","foeventhandler","facelets","viewhandler","computes","dirent","linear","retains","overridden","bridge","insertion","datetime","matrix","psgraphics2d","proppatchmethod","graphs","jaas","assignment","win2000","iswrapperfor","twsadjust","assembler","jasmin","token","quoting","parametr","aprlib","bodyindentation","expat","strnatcmp",115,42
"43","difference","0x5b","recordinputstream","sleep","la","libaprutil1","construct","feathdrrecord","hyperlinkrecord","crypto","durationassertion","defaultlogger","saxparser","22","idle","bsd","begins","modify","making","lr","friendly","publicid","provided","unsupported","released","unspecified","marks","interceptor","2010","lead","timer","ems","jmsqueueappender","tibco","supporting","suggestion","xpatch","sslv2","packages","echo","nanos","maintainable","excludes","russian","maps","lineargradientpaintcontext","docbase","easy","receive","jsp",86,43
"44","sweep","watchdog","26","32k","vh","restriction","exported","fop0","setattribute","animatetransform","tiff","xmlabstracttranscoder","transcoderapi","seconds","allocator","disconnect","nodejs","0xc0000005","xssfformulaevaluator","appenders","140","tostring","resultset","statementcache","named","composer","v1","getcyclicbuffer","servlet","isdirectory","ah00052","constraint","gcc","evaluate","compilation","inserts","justice","gray","shmcb","entering","transcoding","int","anttasks","bitmaps","paint","scripting","perl2","abstractqueryreport","statementproxy","setcellformula",99,44
"45","starteam","dfile","nocanon","website","toggle","acl","resolved","addwebapp","compared","converted","rejected","original","equal","ressources","configureandwatch","bridgeexception","sense","keys","persistent","bom","documents","desired","forrest","prefer","xmlserializer","acceptable","fulfilled","oneform","international","alpha","retrieved","accentuaed","decoding","syslog","requirement","decimal","principal","succeeds","depend","loadclass","getresource","assist","ctrl","ide","treated","made","sigsegv","jdbcappender","undocumented","propertyhelper",90,45
"46","dash","quoted","endings","incompatible","impossibility","tokens","behaves","excessively","feed","keyboard","hpux","manner","drawn","immutable","appenderattachableimpl","overriden","mangles","avoided","gif","wrappers","ending","hours","ucsreader","331","scheduler","xmldb","xupdate","unexpectedly","delimited","logfilepatternreceiver","sides","tight","defaults","painter","setlevel","replaces","collections","nodelist","signify","incomplete","parameterize","scan","died","unnecessarily","unbuffered","organized","gracefully","shell","grows","indefinitely",98,46
"47","allowing","ignoretcl","separator","pause","simplefilestore","lb","vss","vulnerability","vssget","403","graph","template","purge","recursive","anonymous","failonstatus","writablefiles","listeners","wildcards","allocation","log4jconfig","xm","xssfworkbook","restrictions","exclusive","stroke","packagenames","contributed","inherit","throwable","history","accepted","lacks","subrequests","strip","personal","expr","digital","parses","defer","subject","timebetweenevictionrunsmillis","validationquery","browsing","pl","cygwin","formulaparseexception","formulaparser","parsesheetname","low",91,47
"48","operating","android","excelfile","deprecated","completion","consumed","scratchpad","functionality","keepalives","jmeterthread","filesystems","finished","registry","externalbook","lmt","revalidaton","malloc","uninstall","drive","pathnames","device","timestr","2008r2","slim","srw","junittask","0x31","hssfcellstyle","740","taskdefs","uac","questionable","compatibility","emf","metafile","0x850","3060","ccm","interix","sua","subsystem","nteventlogappender","apparently","scriptinterpretersource","protect","wget","col","getcolumnwidth","weird","enablesendfile",96,48
"49","prefork","replacing","callable","german","archives","zipfileset","junction","ntfs","subclass","reason","docroot","filesets","opendocument","certifcate","manages","mapper","hidden","cacertificate","cadncertificate","carevocation","certificatechain","certificatekey","reloads","successive","ldaptrustedmode","ldapverifyservercert","modmimeusepathinfo","luahookmaptostorage","logfactor","finfo","geteffectiverightsfromacl","norm","pathconvert","antlr","assign","cifs","samba","hung","exclamation","refers","subtree","resultant","validate","appache","mine","indented","umlauts","pw","instantiation","ah00554",103,49
"50","importnode","406","vendor","textnode","numbering","filled","serverdeploy","attempts","scanner","item","converter","usecase","reloading","trim","para","adds","filterset","tribes","loaders","rpcchannel","jars","note","threadgroup","diverted","determine","bxe","expand","negotation","media","encrypted","overwrite","xwpf","hooks","initsql","extends","listings","uuid","openoffice","xadatasource","evaluators","ilink","120006","vm","propagation","macro","fpm","fd","ttf2svg","bench","cycles",70,50
